{
  "1_1_1": {
    "id": "1_1_1",
    "name": "The Twilight Strand",
    "map_name": null,
    "act": 1,
    "has_waypoint": false,
    "is_town_area": false,
    "parent_town_area_id": "1_1_town",
    "connection_ids": [
      "1_1_town"
    ],
    "crafting_recipes": []
  },
  "1_Labyrinth_boss_3": {
    "id": "1_Labyrinth_boss_3",
    "name": "Aspirant's Trial",
    "map_name": null,
    "act": 3,
    "has_waypoint": false,
    "is_town_area": false,
    "parent_town_area_id": "1_3_town",
    "connection_ids": [],
    "crafting_recipes": [
      "All Resistances - Rank 1"
    ]
  },
  "2_Labyrinth_boss_3": {
    "id": "2_Labyrinth_boss_3",
    "name": "Aspirant's Trial",
    "map_name": null,
    "act": 3,
    "has_waypoint": false,
    "is_town_area": false,
    "parent_town_area_id": "1_3_town",
    "connection_ids": [],
    "crafting_recipes": [
      "Double Resistances - Rank 2"
    ]
  },
  "3_Labyrinth_boss_3": {
    "id": "3_Labyrinth_boss_3",
    "name": "Aspirant's Trial",
    "map_name": null,
    "act": 3,
    "has_waypoint": false,
    "is_town_area": false,
    "parent_town_area_id": "1_3_town",
    "connection_ids": [],
    "crafting_recipes": [
      "Double Resistances - Rank 3"
    ]
  },
  "1_1_town": {
    "id": "1_1_town",
    "name": "Lioneye's Watch",
    "map_name": "Lioneye's Watch",
    "act": 1,
    "has_waypoint": true,
    "is_town_area": true,
    "parent_town_area_id": null,
    "connection_ids": [
      "1_1_1",
      "1_1_2"
    ],
    "crafting_recipes": []
  },
  "1_1_2": {
    "id": "1_1_2",
    "name": "The Coast",
    "map_name": "The Coast",
    "act": 1,
    "has_waypoint": true,
    "is_town_area": false,
    "parent_town_area_id": "1_1_town",
    "connection_ids": [
      "1_1_town",
      "1_1_3",
      "1_1_2a"
    ],
    "crafting_recipes": []
  },
  "1_1_3": {
    "id": "1_1_3",
    "name": "The Mud Flats",
    "map_name": null,
    "act": 1,
    "has_waypoint": false,
    "is_town_area": false,
    "parent_town_area_id": "1_1_town",
    "connection_ids": [
      "1_1_2",
      "1_1_4_1",
      "1_1_3a"
    ],
    "crafting_recipes": []
  },
  "1_1_2a": {
    "id": "1_1_2a",
    "name": "The Tidal Island",
    "map_name": null,
    "act": 1,
    "has_waypoint": false,
    "is_town_area": false,
    "parent_town_area_id": "1_1_town",
    "connection_ids": [
      "1_1_2"
    ],
    "crafting_recipes": []
  },
  "1_1_4_1": {
    "id": "1_1_4_1",
    "name": "The Submerged Passage",
    "map_name": "The Submerged Passage",
    "act": 1,
    "has_waypoint": true,
    "is_town_area": false,
    "parent_town_area_id": "1_1_town",
    "connection_ids": [
      "1_1_3",
      "1_1_5",
      "1_1_4_0"
    ],
    "crafting_recipes": []
  },
  "1_1_3a": {
    "id": "1_1_3a",
    "name": "The Fetid Pool",
    "map_name": null,
    "act": 1,
    "has_waypoint": false,
    "is_town_area": false,
    "parent_town_area_id": "1_1_town",
    "connection_ids": [
      "1_1_3"
    ],
    "crafting_recipes": []
  },
  "1_1_5": {
    "id": "1_1_5",
    "name": "The Ledge",
    "map_name": "The Ledge",
    "act": 1,
    "has_waypoint": true,
    "is_town_area": false,
    "parent_town_area_id": "1_1_town",
    "connection_ids": [
      "1_1_4_1",
      "1_1_6"
    ],
    "crafting_recipes": []
  },
  "1_1_4_0": {
    "id": "1_1_4_0",
    "name": "The Flooded Depths",
    "map_name": null,
    "act": 1,
    "has_waypoint": false,
    "is_town_area": false,
    "parent_town_area_id": "1_1_town",
    "connection_ids": [
      "1_1_4_1"
    ],
    "crafting_recipes": []
  },
  "1_1_6": {
    "id": "1_1_6",
    "name": "The Climb",
    "map_name": "The Climb",
    "act": 1,
    "has_waypoint": true,
    "is_town_area": false,
    "parent_town_area_id": "1_1_town",
    "connection_ids": [
      "1_1_5",
      "1_1_7_1"
    ],
    "crafting_recipes": []
  },
  "1_1_7_1": {
    "id": "1_1_7_1",
    "name": "The Lower Prison",
    "map_name": "The Prison",
    "act": 1,
    "has_waypoint": true,
    "is_town_area": false,
    "parent_town_area_id": "1_1_town",
    "connection_ids": [
      "1_1_6",
      "1_1_7_2"
    ],
    "crafting_recipes": []
  },
  "1_1_7_2": {
    "id": "1_1_7_2",
    "name": "The Upper Prison",
    "map_name": null,
    "act": 1,
    "has_waypoint": false,
    "is_town_area": false,
    "parent_town_area_id": "1_1_town",
    "connection_ids": [
      "1_1_7_1",
      "1_1_8"
    ],
    "crafting_recipes": []
  },
  "1_1_8": {
    "id": "1_1_8",
    "name": "Prisoner's Gate",
    "map_name": "Prisoner's Gate",
    "act": 1,
    "has_waypoint": true,
    "is_town_area": false,
    "parent_town_area_id": "1_1_town",
    "connection_ids": [
      "1_1_7_2",
      "1_1_9",
      "1_2_9"
    ],
    "crafting_recipes": []
  },
  "1_1_9": {
    "id": "1_1_9",
    "name": "The Ship Graveyard",
    "map_name": "The Ship Graveyard",
    "act": 1,
    "has_waypoint": true,
    "is_town_area": false,
    "parent_town_area_id": "1_1_town",
    "connection_ids": [
      "1_1_8",
      "1_1_9a",
      "1_1_9a",
      "1_1_11_1"
    ],
    "crafting_recipes": []
  },
  "1_2_9": {
    "id": "1_2_9",
    "name": "The Western Forest",
    "map_name": "The Western Forest",
    "act": 2,
    "has_waypoint": true,
    "is_town_area": false,
    "parent_town_area_id": "1_2_town",
    "connection_ids": [
      "1_2_7",
      "1_2_10",
      "1_1_8"
    ],
    "crafting_recipes": []
  },
  "1_1_9a": {
    "id": "1_1_9a",
    "name": "The Ship Graveyard Cave",
    "map_name": null,
    "act": 1,
    "has_waypoint": false,
    "is_town_area": false,
    "parent_town_area_id": "1_1_town",
    "connection_ids": [
      "1_1_9",
      "1_1_9"
    ],
    "crafting_recipes": []
  },
  "1_1_11_1": {
    "id": "1_1_11_1",
    "name": "The Cavern of Wrath",
    "map_name": "Merveil's Caverns",
    "act": 1,
    "has_waypoint": true,
    "is_town_area": false,
    "parent_town_area_id": "1_1_town",
    "connection_ids": [
      "1_1_9",
      "1_1_11_2"
    ],
    "crafting_recipes": []
  },
  "1_2_7": {
    "id": "1_2_7",
    "name": "The Riverways",
    "map_name": "The Riverways",
    "act": 2,
    "has_waypoint": true,
    "is_town_area": false,
    "parent_town_area_id": "1_2_town",
    "connection_ids": [
      "1_2_town",
      "1_2_9",
      "1_2_12"
    ],
    "crafting_recipes": []
  },
  "1_2_10": {
    "id": "1_2_10",
    "name": "The Weaver's Chambers",
    "map_name": null,
    "act": 2,
    "has_waypoint": false,
    "is_town_area": false,
    "parent_town_area_id": "1_2_town",
    "connection_ids": [
      "1_2_9"
    ],
    "crafting_recipes": []
  },
  "1_1_11_2": {
    "id": "1_1_11_2",
    "name": "The Cavern of Anger",
    "map_name": null,
    "act": 1,
    "has_waypoint": false,
    "is_town_area": false,
    "parent_town_area_id": "1_1_town",
    "connection_ids": [
      "1_1_11_1",
      "1_2_1"
    ],
    "crafting_recipes": []
  },
  "1_2_town": {
    "id": "1_2_town",
    "name": "The Forest Encampment",
    "map_name": "The Forest Encampment",
    "act": 2,
    "has_waypoint": true,
    "is_town_area": true,
    "parent_town_area_id": null,
    "connection_ids": [
      "1_2_1",
      "1_2_2",
      "1_2_7"
    ],
    "crafting_recipes": []
  },
  "1_2_12": {
    "id": "1_2_12",
    "name": "The Wetlands",
    "map_name": "The Wetlands",
    "act": 2,
    "has_waypoint": true,
    "is_town_area": false,
    "parent_town_area_id": "1_2_town",
    "connection_ids": [
      "1_2_7",
      "1_2_11"
    ],
    "crafting_recipes": []
  },
  "1_2_1": {
    "id": "1_2_1",
    "name": "The Southern Forest",
    "map_name": "The Southern Forest",
    "act": 2,
    "has_waypoint": true,
    "is_town_area": false,
    "parent_town_area_id": "1_1_town",
    "connection_ids": [
      "1_1_11_2",
      "1_2_town"
    ],
    "crafting_recipes": []
  },
  "1_2_2": {
    "id": "1_2_2",
    "name": "The Old Fields",
    "map_name": null,
    "act": 2,
    "has_waypoint": false,
    "is_town_area": false,
    "parent_town_area_id": "1_2_town",
    "connection_ids": [
      "1_2_town",
      "1_2_2a",
      "1_2_2a",
      "1_2_3"
    ],
    "crafting_recipes": []
  },
  "1_2_11": {
    "id": "1_2_11",
    "name": "The Vaal Ruins",
    "map_name": null,
    "act": 2,
    "has_waypoint": false,
    "is_town_area": false,
    "parent_town_area_id": "1_2_town",
    "connection_ids": [
      "1_2_12",
      "1_2_8"
    ],
    "crafting_recipes": []
  },
  "1_2_2a": {
    "id": "1_2_2a",
    "name": "The Den",
    "map_name": null,
    "act": 2,
    "has_waypoint": false,
    "is_town_area": false,
    "parent_town_area_id": "1_2_town",
    "connection_ids": [
      "1_2_2",
      "1_2_2"
    ],
    "crafting_recipes": []
  },
  "1_2_3": {
    "id": "1_2_3",
    "name": "The Crossroads",
    "map_name": "The Crossroads",
    "act": 2,
    "has_waypoint": true,
    "is_town_area": false,
    "parent_town_area_id": "1_2_town",
    "connection_ids": [
      "1_2_2",
      "1_2_4",
      "1_2_15",
      "1_2_6_1"
    ],
    "crafting_recipes": []
  },
  "1_2_8": {
    "id": "1_2_8",
    "name": "The Northern Forest",
    "map_name": "The Northern Forest",
    "act": 2,
    "has_waypoint": true,
    "is_town_area": false,
    "parent_town_area_id": "1_2_town",
    "connection_ids": [
      "1_2_11",
      "1_2_13",
      "1_2_14_2"
    ],
    "crafting_recipes": []
  },
  "1_2_4": {
    "id": "1_2_4",
    "name": "The Broken Bridge",
    "map_name": "The Broken Bridge",
    "act": 2,
    "has_waypoint": true,
    "is_town_area": false,
    "parent_town_area_id": "1_2_town",
    "connection_ids": [
      "1_2_3"
    ],
    "crafting_recipes": []
  },
  "1_2_15": {
    "id": "1_2_15",
    "name": "The Fellshrine Ruins",
    "map_name": null,
    "act": 2,
    "has_waypoint": false,
    "is_town_area": false,
    "parent_town_area_id": "1_2_town",
    "connection_ids": [
      "1_2_3",
      "1_2_5_1"
    ],
    "crafting_recipes": []
  },
  "1_2_6_1": {
    "id": "1_2_6_1",
    "name": "The Chamber of Sins Level 1",
    "map_name": "The Chamber of Sins",
    "act": 2,
    "has_waypoint": true,
    "is_town_area": false,
    "parent_town_area_id": "1_2_town",
    "connection_ids": [
      "1_2_3",
      "1_2_6_2"
    ],
    "crafting_recipes": []
  },
  "1_2_13": {
    "id": "1_2_13",
    "name": "The Dread Thicket",
    "map_name": null,
    "act": 2,
    "has_waypoint": false,
    "is_town_area": false,
    "parent_town_area_id": "1_2_town",
    "connection_ids": [
      "1_2_8"
    ],
    "crafting_recipes": []
  },
  "1_2_14_2": {
    "id": "1_2_14_2",
    "name": "The Caverns",
    "map_name": "The Caverns",
    "act": 2,
    "has_waypoint": true,
    "is_town_area": false,
    "parent_town_area_id": "1_2_town",
    "connection_ids": [
      "1_2_8",
      "1_2_14_3"
    ],
    "crafting_recipes": [
      "Vaal Skill Damage - Rank 1"
    ]
  },
  "1_2_5_1": {
    "id": "1_2_5_1",
    "name": "The Crypt Level 1",
    "map_name": "The Crypt",
    "act": 2,
    "has_waypoint": true,
    "is_town_area": false,
    "parent_town_area_id": "1_2_town",
    "connection_ids": [
      "1_2_15",
      "1_2_5_2"
    ],
    "crafting_recipes": []
  },
  "1_2_6_2": {
    "id": "1_2_6_2",
    "name": "The Chamber of Sins Level 2",
    "map_name": null,
    "act": 2,
    "has_waypoint": false,
    "is_town_area": false,
    "parent_town_area_id": "1_2_town",
    "connection_ids": [
      "1_2_6_1"
    ],
    "crafting_recipes": []
  },
  "1_2_14_3": {
    "id": "1_2_14_3",
    "name": "The Ancient Pyramid",
    "map_name": null,
    "act": 2,
    "has_waypoint": false,
    "is_town_area": false,
    "parent_town_area_id": "1_2_town",
    "connection_ids": [
      "1_2_14_2",
      "1_3_1"
    ],
    "crafting_recipes": [
      "Spell Damage - Rank 1"
    ]
  },
  "1_2_5_2": {
    "id": "1_2_5_2",
    "name": "The Crypt Level 2",
    "map_name": null,
    "act": 2,
    "has_waypoint": false,
    "is_town_area": false,
    "parent_town_area_id": "1_2_town",
    "connection_ids": [
      "1_2_5_1"
    ],
    "crafting_recipes": []
  },
  "1_3_1": {
    "id": "1_3_1",
    "name": "The City of Sarn",
    "map_name": "The City of Sarn",
    "act": 3,
    "has_waypoint": true,
    "is_town_area": false,
    "parent_town_area_id": "1_2_town",
    "connection_ids": [
      "1_2_14_3",
      "1_3_town"
    ],
    "crafting_recipes": [
      "Movement Speed - Rank 1"
    ]
  },
  "1_3_town": {
    "id": "1_3_town",
    "name": "The Sarn Encampment",
    "map_name": "The Sarn Encampment",
    "act": 3,
    "has_waypoint": true,
    "is_town_area": true,
    "parent_town_area_id": null,
    "connection_ids": [
      "1_3_1",
      "1_3_2",
      "ffa1_1",
      "Labyrinth_Airlock"
    ],
    "crafting_recipes": []
  },
  "1_3_2": {
    "id": "1_3_2",
    "name": "The Slums",
    "map_name": null,
    "act": 3,
    "has_waypoint": false,
    "is_town_area": false,
    "parent_town_area_id": "1_3_town",
    "connection_ids": [
      "1_3_town",
      "1_3_3_1",
      "1_3_10_1"
    ],
    "crafting_recipes": []
  },
  "ffa1_1": {
    "id": "ffa1_1",
    "name": "Sarn Arena",
    "map_name": null,
    "act": 3,
    "has_waypoint": false,
    "is_town_area": false,
    "parent_town_area_id": null,
    "connection_ids": [],
    "crafting_recipes": []
  },
  "Labyrinth_Airlock": {
    "id": "Labyrinth_Airlock",
    "name": "Aspirants' Plaza",
    "map_name": null,
    "act": 3,
    "has_waypoint": true,
    "is_town_area": false,
    "parent_town_area_id": "1_3_town",
    "connection_ids": [
      "1_3_town",
      "2_8_town"
    ],
    "crafting_recipes": []
  },
  "1_3_3_1": {
    "id": "1_3_3_1",
    "name": "The Crematorium",
    "map_name": "The Crematorium",
    "act": 3,
    "has_waypoint": true,
    "is_town_area": false,
    "parent_town_area_id": "1_3_town",
    "connection_ids": [
      "1_3_2"
    ],
    "crafting_recipes": [
      "Defences - Rank 1"
    ]
  },
  "1_3_10_1": {
    "id": "1_3_10_1",
    "name": "The Sewers",
    "map_name": "The Sewers",
    "act": 3,
    "has_waypoint": true,
    "is_town_area": false,
    "parent_town_area_id": "1_3_town",
    "connection_ids": [
      "1_3_2",
      "1_3_5",
      "1_3_13"
    ],
    "crafting_recipes": [
      "Physical Damage - Rank 1"
    ]
  },
  "2_8_town": {
    "id": "2_8_town",
    "name": "The Sarn Encampment",
    "map_name": "The Sarn Encampment",
    "act": 8,
    "has_waypoint": true,
    "is_town_area": true,
    "parent_town_area_id": null,
    "connection_ids": [
      "2_8_1",
      "2_8_2_1",
      "Labyrinth_Airlock",
      "ffa3_1"
    ],
    "crafting_recipes": []
  },
  "1_3_5": {
    "id": "1_3_5",
    "name": "The Marketplace",
    "map_name": "The Marketplace",
    "act": 3,
    "has_waypoint": true,
    "is_town_area": false,
    "parent_town_area_id": "1_3_town",
    "connection_ids": [
      "1_3_10_1",
      "1_3_6",
      "1_3_7"
    ],
    "crafting_recipes": []
  },
  "1_3_13": {
    "id": "1_3_13",
    "name": "The Ebony Barracks",
    "map_name": "The Ebony Barracks",
    "act": 3,
    "has_waypoint": true,
    "is_town_area": false,
    "parent_town_area_id": "1_3_town",
    "connection_ids": [
      "1_3_10_1",
      "1_3_14_1",
      "1_3_15"
    ],
    "crafting_recipes": []
  },
  "2_8_1": {
    "id": "2_8_1",
    "name": "The Sarn Ramparts",
    "map_name": "The Sarn Ramparts",
    "act": 8,
    "has_waypoint": true,
    "is_town_area": false,
    "parent_town_area_id": "2_7_town",
    "connection_ids": [
      "2_7_12_2",
      "2_8_town"
    ],
    "crafting_recipes": []
  },
  "2_8_2_1": {
    "id": "2_8_2_1",
    "name": "The Toxic Conduits",
    "map_name": null,
    "act": 8,
    "has_waypoint": false,
    "is_town_area": false,
    "parent_town_area_id": "2_8_town",
    "connection_ids": [
      "2_8_town",
      "2_8_2_2"
    ],
    "crafting_recipes": []
  },
  "ffa3_1": {
    "id": "ffa3_1",
    "name": "Sarn Arena",
    "map_name": null,
    "act": 3,
    "has_waypoint": false,
    "is_town_area": false,
    "parent_town_area_id": null,
    "connection_ids": [],
    "crafting_recipes": []
  },
  "1_3_6": {
    "id": "1_3_6",
    "name": "The Catacombs",
    "map_name": null,
    "act": 3,
    "has_waypoint": false,
    "is_town_area": false,
    "parent_town_area_id": "1_3_town",
    "connection_ids": [
      "1_3_5"
    ],
    "crafting_recipes": [
      "Elemental Damage with Attacks - Rank 1"
    ]
  },
  "1_3_7": {
    "id": "1_3_7",
    "name": "The Battlefront",
    "map_name": "The Battlefront",
    "act": 3,
    "has_waypoint": true,
    "is_town_area": false,
    "parent_town_area_id": "1_3_town",
    "connection_ids": [
      "1_3_5",
      "1_3_8_1",
      "1_3_9"
    ],
    "crafting_recipes": []
  },
  "1_3_14_1": {
    "id": "1_3_14_1",
    "name": "The Lunaris Temple Level 1",
    "map_name": "The Lunaris Temple",
    "act": 3,
    "has_waypoint": true,
    "is_town_area": false,
    "parent_town_area_id": "1_3_town",
    "connection_ids": [
      "1_3_13",
      "1_3_14_2"
    ],
    "crafting_recipes": []
  },
  "1_3_15": {
    "id": "1_3_15",
    "name": "The Imperial Gardens",
    "map_name": "The Imperial Gardens",
    "act": 3,
    "has_waypoint": true,
    "is_town_area": false,
    "parent_town_area_id": "1_3_town",
    "connection_ids": [
      "1_3_13",
      "1_3_17_1",
      "1_3_18_1"
    ],
    "crafting_recipes": [
      "All Attributes - Rank 1"
    ]
  },
  "2_7_12_2": {
    "id": "2_7_12_2",
    "name": "The Temple of Decay Level 2",
    "map_name": null,
    "act": 7,
    "has_waypoint": false,
    "is_town_area": false,
    "parent_town_area_id": "2_7_town",
    "connection_ids": [
      "2_7_12_1",
      "2_8_1"
    ],
    "crafting_recipes": [
      "Chaos Damage - Rank 1"
    ]
  },
  "2_8_2_2": {
    "id": "2_8_2_2",
    "name": "Doedre's Cesspool",
    "map_name": "The Toxic Conduits",
    "act": 8,
    "has_waypoint": true,
    "is_town_area": false,
    "parent_town_area_id": "2_8_town",
    "connection_ids": [
      "2_8_2_1",
      "2_8_3",
      "2_8_8"
    ],
    "crafting_recipes": [
      "Elemental Resistances - Rank 3"
    ]
  },
  "1_3_8_1": {
    "id": "1_3_8_1",
    "name": "The Solaris Temple Level 1",
    "map_name": "The Solaris Temple Level 1",
    "act": 3,
    "has_waypoint": true,
    "is_town_area": false,
    "parent_town_area_id": "1_3_town",
    "connection_ids": [
      "1_3_7",
      "1_3_8_2"
    ],
    "crafting_recipes": []
  },
  "1_3_9": {
    "id": "1_3_9",
    "name": "The Docks",
    "map_name": "The Docks",
    "act": 3,
    "has_waypoint": true,
    "is_town_area": false,
    "parent_town_area_id": "1_3_town",
    "connection_ids": [
      "1_3_7"
    ],
    "crafting_recipes": []
  },
  "1_3_14_2": {
    "id": "1_3_14_2",
    "name": "The Lunaris Temple Level 2",
    "map_name": null,
    "act": 3,
    "has_waypoint": false,
    "is_town_area": false,
    "parent_town_area_id": "1_3_town",
    "connection_ids": [
      "1_3_14_1"
    ],
    "crafting_recipes": [
      "Lightning Damage - Rank 1"
    ]
  },
  "1_3_17_1": {
    "id": "1_3_17_1",
    "name": "The Library",
    "map_name": "The Library",
    "act": 3,
    "has_waypoint": true,
    "is_town_area": false,
    "parent_town_area_id": "1_3_town",
    "connection_ids": [
      "1_3_15",
      "1_3_17_2"
    ],
    "crafting_recipes": []
  },
  "1_3_18_1": {
    "id": "1_3_18_1",
    "name": "The Sceptre of God",
    "map_name": "The Sceptre of God",
    "act": 3,
    "has_waypoint": true,
    "is_town_area": false,
    "parent_town_area_id": "1_3_town",
    "connection_ids": [
      "1_3_15",
      "1_3_18_2"
    ],
    "crafting_recipes": []
  },
  "2_7_12_1": {
    "id": "2_7_12_1",
    "name": "The Temple of Decay Level 1",
    "map_name": null,
    "act": 7,
    "has_waypoint": false,
    "is_town_area": false,
    "parent_town_area_id": "2_7_town",
    "connection_ids": [
      "2_7_11",
      "2_7_12_2"
    ],
    "crafting_recipes": []
  },
  "2_8_3": {
    "id": "2_8_3",
    "name": "The Grand Promenade",
    "map_name": null,
    "act": 8,
    "has_waypoint": false,
    "is_town_area": false,
    "parent_town_area_id": "2_8_town",
    "connection_ids": [
      "2_8_2_2",
      "2_8_5"
    ],
    "crafting_recipes": []
  },
  "2_8_8": {
    "id": "2_8_8",
    "name": "The Quay",
    "map_name": null,
    "act": 8,
    "has_waypoint": false,
    "is_town_area": false,
    "parent_town_area_id": "2_8_town",
    "connection_ids": [
      "2_8_2_2",
      "2_8_9"
    ],
    "crafting_recipes": []
  },
  "1_3_8_2": {
    "id": "1_3_8_2",
    "name": "The Solaris Temple Level 2",
    "map_name": "The Solaris Temple Level 2",
    "act": 3,
    "has_waypoint": true,
    "is_town_area": false,
    "parent_town_area_id": "1_3_town",
    "connection_ids": [
      "1_3_8_1"
    ],
    "crafting_recipes": [
      "Fire Damage - Rank 1"
    ]
  },
  "1_3_17_2": {
    "id": "1_3_17_2",
    "name": "The Archives",
    "map_name": null,
    "act": 3,
    "has_waypoint": false,
    "is_town_area": false,
    "parent_town_area_id": "1_3_town",
    "connection_ids": [
      "1_3_17_1"
    ],
    "crafting_recipes": [
      "Life and Mana Regeneration - Rank 1"
    ]
  },
  "1_3_18_2": {
    "id": "1_3_18_2",
    "name": "The Upper Sceptre of God",
    "map_name": null,
    "act": 3,
    "has_waypoint": false,
    "is_town_area": false,
    "parent_town_area_id": "1_3_town",
    "connection_ids": [
      "1_3_18_1",
      "1_4_1"
    ],
    "crafting_recipes": []
  },
  "2_7_11": {
    "id": "2_7_11",
    "name": "The Vaal City",
    "map_name": "The Vaal City",
    "act": 7,
    "has_waypoint": true,
    "is_town_area": false,
    "parent_town_area_id": "2_7_town",
    "connection_ids": [
      "2_7_10",
      "2_7_12_1"
    ],
    "crafting_recipes": []
  },
  "2_8_5": {
    "id": "2_8_5",
    "name": "The Bath House",
    "map_name": "The Bath House",
    "act": 8,
    "has_waypoint": true,
    "is_town_area": false,
    "parent_town_area_id": "2_8_town",
    "connection_ids": [
      "2_8_3",
      "2_8_6",
      "2_8_4",
      "2_8_14"
    ],
    "crafting_recipes": [
      "Flask Duration - Rank 1"
    ]
  },
  "2_8_9": {
    "id": "2_8_9",
    "name": "The Grain Gate",
    "map_name": "The Grain Gate",
    "act": 8,
    "has_waypoint": true,
    "is_town_area": false,
    "parent_town_area_id": "2_8_town",
    "connection_ids": [
      "2_8_8",
      "2_8_10",
      "2_8_14"
    ],
    "crafting_recipes": []
  },
  "1_4_1": {
    "id": "1_4_1",
    "name": "The Aqueduct",
    "map_name": "The Aqueduct",
    "act": 4,
    "has_waypoint": true,
    "is_town_area": false,
    "parent_town_area_id": "1_3_town",
    "connection_ids": [
      "1_3_18_2",
      "1_4_town"
    ],
    "crafting_recipes": []
  },
  "2_7_10": {
    "id": "2_7_10",
    "name": "The Causeway",
    "map_name": "The Causeway",
    "act": 7,
    "has_waypoint": true,
    "is_town_area": false,
    "parent_town_area_id": "2_7_town",
    "connection_ids": [
      "2_7_8",
      "2_7_11"
    ],
    "crafting_recipes": [
      "Cold Damage - Rank 2"
    ]
  },
  "2_8_6": {
    "id": "2_8_6",
    "name": "The Lunaris Concourse",
    "map_name": "The Lunaris Concourse",
    "act": 8,
    "has_waypoint": true,
    "is_town_area": false,
    "parent_town_area_id": "2_8_town",
    "connection_ids": [
      "2_8_5",
      "2_8_7_1_",
      "2_8_13"
    ],
    "crafting_recipes": []
  },
  "2_8_4": {
    "id": "2_8_4",
    "name": "The High Gardens",
    "map_name": null,
    "act": 8,
    "has_waypoint": false,
    "is_town_area": false,
    "parent_town_area_id": "2_8_town",
    "connection_ids": [
      "2_8_5"
    ],
    "crafting_recipes": []
  },
  "2_8_14": {
    "id": "2_8_14",
    "name": "The Hidden Underbelly",
    "map_name": null,
    "act": 8,
    "has_waypoint": false,
    "is_town_area": false,
    "parent_town_area_id": "2_8_town",
    "connection_ids": [
      "2_8_9",
      "2_8_5",
      "2_8_11"
    ],
    "crafting_recipes": []
  },
  "2_8_10": {
    "id": "2_8_10",
    "name": "The Imperial Fields",
    "map_name": "The Imperial Fields",
    "act": 8,
    "has_waypoint": true,
    "is_town_area": false,
    "parent_town_area_id": "2_8_town",
    "connection_ids": [
      "2_8_9",
      "2_8_12_1"
    ],
    "crafting_recipes": []
  },
  "1_4_town": {
    "id": "1_4_town",
    "name": "Highgate",
    "map_name": "Highgate",
    "act": 4,
    "has_waypoint": true,
    "is_town_area": true,
    "parent_town_area_id": null,
    "connection_ids": [
      "1_4_1",
      "1_4_2",
      "1_4_3_1",
      "1_4_7"
    ],
    "crafting_recipes": []
  },
  "2_7_8": {
    "id": "2_7_8",
    "name": "The Northern Forest",
    "map_name": "The Northern Forest",
    "act": 7,
    "has_waypoint": true,
    "is_town_area": false,
    "parent_town_area_id": "2_7_town",
    "connection_ids": [
      "2_7_7",
      "2_7_9",
      "2_7_10"
    ],
    "crafting_recipes": []
  },
  "2_8_7_1_": {
    "id": "2_8_7_1_",
    "name": "The Lunaris Temple Level 1",
    "map_name": "The Lunaris Temple",
    "act": 8,
    "has_waypoint": true,
    "is_town_area": false,
    "parent_town_area_id": "2_8_town",
    "connection_ids": [
      "2_8_6",
      "2_8_7_2"
    ],
    "crafting_recipes": []
  },
  "2_8_13": {
    "id": "2_8_13",
    "name": "The Harbour Bridge",
    "map_name": null,
    "act": 8,
    "has_waypoint": false,
    "is_town_area": false,
    "parent_town_area_id": "2_8_town",
    "connection_ids": [
      "2_8_6",
      "2_8_11",
      "2_8_11",
      "2_9_1"
    ],
    "crafting_recipes": []
  },
  "2_8_11": {
    "id": "2_8_11",
    "name": "The Solaris Concourse",
    "map_name": "The Solaris Concourse",
    "act": 8,
    "has_waypoint": true,
    "is_town_area": false,
    "parent_town_area_id": "2_8_town",
    "connection_ids": [
      "2_8_12_1",
      "2_8_13",
      "2_8_13",
      "2_8_14"
    ],
    "crafting_recipes": []
  },
  "2_8_12_1": {
    "id": "2_8_12_1",
    "name": "The Solaris Temple Level 1",
    "map_name": "The Solaris Temple",
    "act": 8,
    "has_waypoint": true,
    "is_town_area": false,
    "parent_town_area_id": "2_8_town",
    "connection_ids": [
      "2_8_10",
      "2_8_11",
      "2_8_12_2"
    ],
    "crafting_recipes": []
  },
  "1_4_2": {
    "id": "1_4_2",
    "name": "The Dried Lake",
    "map_name": null,
    "act": 4,
    "has_waypoint": false,
    "is_town_area": false,
    "parent_town_area_id": "1_4_town",
    "connection_ids": [
      "1_4_town"
    ],
    "crafting_recipes": [
      "Attack, Cast and Warcry Speed - Rank 1"
    ]
  },
  "1_4_3_1": {
    "id": "1_4_3_1",
    "name": "The Mines Level 1",
    "map_name": null,
    "act": 4,
    "has_waypoint": false,
    "is_town_area": false,
    "parent_town_area_id": "1_4_town",
    "connection_ids": [
      "1_4_town",
      "1_4_3_2"
    ],
    "crafting_recipes": [
      "Socket Colours"
    ]
  },
  "1_4_7": {
    "id": "1_4_7",
    "name": "The Ascent",
    "map_name": null,
    "act": 4,
    "has_waypoint": false,
    "is_town_area": false,
    "parent_town_area_id": "1_4_town",
    "connection_ids": [
      "1_4_town",
      "1_5_1"
    ],
    "crafting_recipes": [
      "Ailment, Stun and Curse Mitigation - Rank 1"
    ]
  },
  "2_7_7": {
    "id": "2_7_7",
    "name": "The Ashen Fields",
    "map_name": "The Ashen Fields",
    "act": 7,
    "has_waypoint": true,
    "is_town_area": false,
    "parent_town_area_id": "2_7_town",
    "connection_ids": [
      "2_7_6",
      "2_7_8"
    ],
    "crafting_recipes": []
  },
  "2_7_9": {
    "id": "2_7_9",
    "name": "The Dread Thicket",
    "map_name": null,
    "act": 7,
    "has_waypoint": false,
    "is_town_area": false,
    "parent_town_area_id": "2_7_town",
    "connection_ids": [
      "2_7_8"
    ],
    "crafting_recipes": [
      "Fire Damage - Rank 2"
    ]
  },
  "2_8_7_2": {
    "id": "2_8_7_2",
    "name": "The Lunaris Temple Level 2",
    "map_name": null,
    "act": 8,
    "has_waypoint": false,
    "is_town_area": false,
    "parent_town_area_id": "2_8_town",
    "connection_ids": [
      "2_8_7_1_"
    ],
    "crafting_recipes": [
      "Minions - Rank 1"
    ]
  },
  "2_9_1": {
    "id": "2_9_1",
    "name": "The Blood Aqueduct",
    "map_name": "The Blood Aqueduct",
    "act": 9,
    "has_waypoint": true,
    "is_town_area": false,
    "parent_town_area_id": "2_8_town",
    "connection_ids": [
      "2_8_13",
      "2_9_town"
    ],
    "crafting_recipes": []
  },
  "2_8_12_2": {
    "id": "2_8_12_2",
    "name": "The Solaris Temple Level 2",
    "map_name": null,
    "act": 8,
    "has_waypoint": false,
    "is_town_area": false,
    "parent_town_area_id": "2_8_town",
    "connection_ids": [
      "2_8_12_1"
    ],
    "crafting_recipes": [
      "Traps and Mines - Rank 1"
    ]
  },
  "1_4_3_2": {
    "id": "1_4_3_2",
    "name": "The Mines Level 2",
    "map_name": null,
    "act": 4,
    "has_waypoint": false,
    "is_town_area": false,
    "parent_town_area_id": "1_4_town",
    "connection_ids": [
      "1_4_3_1",
      "1_4_3_3"
    ],
    "crafting_recipes": []
  },
  "1_5_1": {
    "id": "1_5_1",
    "name": "The Slave Pens",
    "map_name": "The Slave Pens",
    "act": 5,
    "has_waypoint": true,
    "is_town_area": false,
    "parent_town_area_id": "1_4_town",
    "connection_ids": [
      "1_4_7",
      "1_5_town"
    ],
    "crafting_recipes": []
  },
  "2_7_6": {
    "id": "2_7_6",
    "name": "The Den",
    "map_name": "The Den",
    "act": 7,
    "has_waypoint": true,
    "is_town_area": false,
    "parent_town_area_id": "2_7_town",
    "connection_ids": [
      "2_7_5_2",
      "2_7_7"
    ],
    "crafting_recipes": []
  },
  "2_9_town": {
    "id": "2_9_town",
    "name": "Highgate",
    "map_name": "Highgate",
    "act": 9,
    "has_waypoint": true,
    "is_town_area": true,
    "parent_town_area_id": null,
    "connection_ids": [
      "2_9_1",
      "2_9_2"
    ],
    "crafting_recipes": []
  },
  "1_4_3_3": {
    "id": "1_4_3_3",
    "name": "The Crystal Veins",
    "map_name": "The Crystal Veins",
    "act": 4,
    "has_waypoint": true,
    "is_town_area": false,
    "parent_town_area_id": "1_4_town",
    "connection_ids": [
      "1_4_3_2",
      "1_4_4_1",
      "1_4_5_1",
      "1_4_6_1"
    ],
    "crafting_recipes": [
      "Cold Damage - Rank 1"
    ]
  },
  "1_5_town": {
    "id": "1_5_town",
    "name": "Overseer's Tower",
    "map_name": "Overseer's Tower",
    "act": 5,
    "has_waypoint": true,
    "is_town_area": true,
    "parent_town_area_id": null,
    "connection_ids": [
      "1_5_1",
      "1_5_2"
    ],
    "crafting_recipes": []
  },
  "2_7_5_2": {
    "id": "2_7_5_2",
    "name": "The Chamber of Sins Level 2",
    "map_name": null,
    "act": 7,
    "has_waypoint": false,
    "is_town_area": false,
    "parent_town_area_id": "2_7_town",
    "connection_ids": [
      "2_7_5_1",
      "2_7_6"
    ],
    "crafting_recipes": [
      "Mana Regen - Rank 1"
    ]
  },
  "2_9_2": {
    "id": "2_9_2",
    "name": "The Descent",
    "map_name": null,
    "act": 9,
    "has_waypoint": false,
    "is_town_area": false,
    "parent_town_area_id": "2_9_town",
    "connection_ids": [
      "2_9_town",
      "2_9_3"
    ],
    "crafting_recipes": []
  },
  "1_4_4_1": {
    "id": "1_4_4_1",
    "name": "Kaom's Dream",
    "map_name": null,
    "act": 4,
    "has_waypoint": false,
    "is_town_area": false,
    "parent_town_area_id": "1_4_town",
    "connection_ids": [
      "1_4_3_3",
      "1_4_4_3"
    ],
    "crafting_recipes": []
  },
  "1_4_5_1": {
    "id": "1_4_5_1",
    "name": "Daresso's Dream",
    "map_name": null,
    "act": 4,
    "has_waypoint": false,
    "is_town_area": false,
    "parent_town_area_id": "1_4_town",
    "connection_ids": [
      "1_4_3_3",
      "1_4_5_2"
    ],
    "crafting_recipes": []
  },
  "1_4_6_1": {
    "id": "1_4_6_1",
    "name": "The Belly of the Beast Level 1",
    "map_name": null,
    "act": 4,
    "has_waypoint": false,
    "is_town_area": false,
    "parent_town_area_id": "1_4_town",
    "connection_ids": [
      "1_4_3_3",
      "1_4_6_2"
    ],
    "crafting_recipes": []
  },
  "1_5_2": {
    "id": "1_5_2",
    "name": "The Control Blocks",
    "map_name": null,
    "act": 5,
    "has_waypoint": false,
    "is_town_area": false,
    "parent_town_area_id": "1_5_town",
    "connection_ids": [
      "1_5_town",
      "1_5_town",
      "1_5_3"
    ],
    "crafting_recipes": []
  },
  "2_7_5_1": {
    "id": "2_7_5_1",
    "name": "The Chamber of Sins Level 1",
    "map_name": "The Chamber of Sins",
    "act": 7,
    "has_waypoint": true,
    "is_town_area": false,
    "parent_town_area_id": "2_7_town",
    "connection_ids": [
      "2_7_2",
      "2_7_5_2",
      "2_7_5_map"
    ],
    "crafting_recipes": [
      "Lightning Damage - Rank 2"
    ]
  },
  "2_9_3": {
    "id": "2_9_3",
    "name": "The Vastiri Desert",
    "map_name": "The Vastiri Desert",
    "act": 9,
    "has_waypoint": true,
    "is_town_area": false,
    "parent_town_area_id": "2_9_town",
    "connection_ids": [
      "2_9_2",
      "2_9_4",
      "2_9_5"
    ],
    "crafting_recipes": [
      "Attack and Cast Speed - Rank 2"
    ]
  },
  "1_4_4_3": {
    "id": "1_4_4_3",
    "name": "Kaom's Stronghold",
    "map_name": "Kaom's Stronghold",
    "act": 4,
    "has_waypoint": true,
    "is_town_area": false,
    "parent_town_area_id": "1_4_town",
    "connection_ids": [
      "1_4_4_1"
    ],
    "crafting_recipes": [
      "Socket Links - 2 to 4 Linked Sockets"
    ]
  },
  "1_4_5_2": {
    "id": "1_4_5_2",
    "name": "The Grand Arena",
    "map_name": "The Grand Arena",
    "act": 4,
    "has_waypoint": true,
    "is_town_area": false,
    "parent_town_area_id": "1_4_town",
    "connection_ids": [
      "1_4_5_1"
    ],
    "crafting_recipes": [
      "Socket Numbers - 2 to 4 Sockets"
    ]
  },
  "1_4_6_2": {
    "id": "1_4_6_2",
    "name": "The Belly of the Beast Level 2",
    "map_name": null,
    "act": 4,
    "has_waypoint": false,
    "is_town_area": false,
    "parent_town_area_id": "1_4_town",
    "connection_ids": [
      "1_4_6_1",
      "1_4_6_3"
    ],
    "crafting_recipes": [
      "Elemental Resistances - Rank 2"
    ]
  },
  "1_5_3": {
    "id": "1_5_3",
    "name": "Oriath Square",
    "map_name": "Oriath Square",
    "act": 5,
    "has_waypoint": true,
    "is_town_area": false,
    "parent_town_area_id": "1_5_town",
    "connection_ids": [
      "1_5_2",
      "1_5_4"
    ],
    "crafting_recipes": []
  },
  "2_7_2": {
    "id": "2_7_2",
    "name": "The Crossroads",
    "map_name": "The Crossroads",
    "act": 7,
    "has_waypoint": true,
    "is_town_area": false,
    "parent_town_area_id": "2_7_town",
    "connection_ids": [
      "2_7_1",
      "2_7_3",
      "2_7_5_1"
    ],
    "crafting_recipes": []
  },
  "2_7_5_map": {
    "id": "2_7_5_map",
    "name": "Maligaro's Sanctum",
    "map_name": null,
    "act": 7,
    "has_waypoint": false,
    "is_town_area": false,
    "parent_town_area_id": "2_7_town",
    "connection_ids": [
      "2_7_5_1"
    ],
    "crafting_recipes": []
  },
  "2_9_4": {
    "id": "2_9_4",
    "name": "The Oasis",
    "map_name": null,
    "act": 9,
    "has_waypoint": false,
    "is_town_area": false,
    "parent_town_area_id": "2_9_town",
    "connection_ids": [
      "2_9_3"
    ],
    "crafting_recipes": []
  },
  "2_9_5": {
    "id": "2_9_5",
    "name": "The Foothills",
    "map_name": "The Foothills",
    "act": 9,
    "has_waypoint": true,
    "is_town_area": false,
    "parent_town_area_id": "2_9_town",
    "connection_ids": [
      "2_9_3",
      "2_9_6",
      "2_9_7"
    ],
    "crafting_recipes": []
  },
  "1_4_6_3": {
    "id": "1_4_6_3",
    "name": "The Harvest",
    "map_name": "The Harvest",
    "act": 4,
    "has_waypoint": true,
    "is_town_area": false,
    "parent_town_area_id": "1_4_town",
    "connection_ids": [
      "1_4_6_2",
      "1_4_town"
    ],
    "crafting_recipes": []
  },
  "1_5_4": {
    "id": "1_5_4",
    "name": "The Templar Courts",
    "map_name": "The Templar Courts",
    "act": 5,
    "has_waypoint": true,
    "is_town_area": false,
    "parent_town_area_id": "1_5_town",
    "connection_ids": [
      "1_5_3",
      "1_5_5"
    ],
    "crafting_recipes": []
  },
  "2_7_1": {
    "id": "2_7_1",
    "name": "The Broken Bridge",
    "map_name": null,
    "act": 7,
    "has_waypoint": false,
    "is_town_area": false,
    "parent_town_area_id": "2_7_town",
    "connection_ids": [
      "2_7_town",
      "2_7_2"
    ],
    "crafting_recipes": []
  },
  "2_7_3": {
    "id": "2_7_3",
    "name": "The Fellshrine Ruins",
    "map_name": null,
    "act": 7,
    "has_waypoint": false,
    "is_town_area": false,
    "parent_town_area_id": "2_7_town",
    "connection_ids": [
      "2_7_2",
      "SanctumFoyer_Fellshrine",
      "2_7_4"
    ],
    "crafting_recipes": []
  },
  "2_9_6": {
    "id": "2_9_6",
    "name": "The Boiling Lake",
    "map_name": null,
    "act": 9,
    "has_waypoint": false,
    "is_town_area": false,
    "parent_town_area_id": "2_9_town",
    "connection_ids": [
      "2_9_5"
    ],
    "crafting_recipes": [
      "Spell Damage - Rank 3"
    ]
  },
  "2_9_7": {
    "id": "2_9_7",
    "name": "The Tunnel",
    "map_name": "The Tunnel",
    "act": 9,
    "has_waypoint": true,
    "is_town_area": false,
    "parent_town_area_id": "2_9_town",
    "connection_ids": [
      "2_9_5",
      "2_9_8"
    ],
    "crafting_recipes": [
      "All Attributes - Rank 2"
    ]
  },
  "1_5_5": {
    "id": "1_5_5",
    "name": "The Chamber of Innocence",
    "map_name": "The Chamber of Innocence",
    "act": 5,
    "has_waypoint": true,
    "is_town_area": false,
    "parent_town_area_id": "1_5_town",
    "connection_ids": [
      "1_5_4",
      "1_5_4b"
    ],
    "crafting_recipes": [
      "Movement Speed and Exerted Attacks - Rank 2"
    ]
  },
  "2_7_town": {
    "id": "2_7_town",
    "name": "The Bridge Encampment",
    "map_name": "The Bridge Encampment",
    "act": 7,
    "has_waypoint": true,
    "is_town_area": true,
    "parent_town_area_id": null,
    "connection_ids": [
      "2_6_15",
      "2_7_1"
    ],
    "crafting_recipes": []
  },
  "SanctumFoyer_Fellshrine": {
    "id": "SanctumFoyer_Fellshrine",
    "name": "The Forbidden Sanctum",
    "map_name": null,
    "act": 7,
    "has_waypoint": false,
    "is_town_area": false,
    "parent_town_area_id": "2_7_town",
    "connection_ids": [
      "2_7_3"
    ],
    "crafting_recipes": []
  },
  "2_7_4": {
    "id": "2_7_4",
    "name": "The Crypt",
    "map_name": "The Crypt",
    "act": 7,
    "has_waypoint": true,
    "is_town_area": false,
    "parent_town_area_id": "2_7_town",
    "connection_ids": [
      "2_7_3"
    ],
    "crafting_recipes": [
      "Damage over Time - Rank 1"
    ]
  },
  "2_9_8": {
    "id": "2_9_8",
    "name": "The Quarry",
    "map_name": "The Quarry",
    "act": 9,
    "has_waypoint": true,
    "is_town_area": false,
    "parent_town_area_id": "2_9_town",
    "connection_ids": [
      "2_9_7",
      "2_9_9",
      "2_9_10_1"
    ],
    "crafting_recipes": [
      "Physical Damage - Rank 3"
    ]
  },
  "1_5_4b": {
    "id": "1_5_4b",
    "name": "The Torched Courts",
    "map_name": null,
    "act": 5,
    "has_waypoint": false,
    "is_town_area": false,
    "parent_town_area_id": "1_5_town",
    "connection_ids": [
      "1_5_5",
      "1_5_3b"
    ],
    "crafting_recipes": []
  },
  "2_6_15": {
    "id": "2_6_15",
    "name": "The Brine King's Reef",
    "map_name": "The Brine King's Reef",
    "act": 6,
    "has_waypoint": true,
    "is_town_area": false,
    "parent_town_area_id": "2_6_town",
    "connection_ids": [
      "2_6_14",
      "2_7_town"
    ],
    "crafting_recipes": []
  },
  "2_9_9": {
    "id": "2_9_9",
    "name": "The Refinery",
    "map_name": null,
    "act": 9,
    "has_waypoint": false,
    "is_town_area": false,
    "parent_town_area_id": "2_9_town",
    "connection_ids": [
      "2_9_8"
    ],
    "crafting_recipes": [
      "Trigger a Socketed Spell when you Use a Skill"
    ]
  },
  "2_9_10_1": {
    "id": "2_9_10_1",
    "name": "The Belly of the Beast",
    "map_name": null,
    "act": 9,
    "has_waypoint": false,
    "is_town_area": false,
    "parent_town_area_id": "2_9_town",
    "connection_ids": [
      "2_9_8",
      "2_9_10_2"
    ],
    "crafting_recipes": []
  },
  "1_5_3b": {
    "id": "1_5_3b",
    "name": "The Ruined Square",
    "map_name": "The Ruined Square",
    "act": 5,
    "has_waypoint": true,
    "is_town_area": false,
    "parent_town_area_id": "1_5_town",
    "connection_ids": [
      "1_5_4b",
      "1_5_6",
      "1_5_8",
      "1_5_7"
    ],
    "crafting_recipes": []
  },
  "2_6_14": {
    "id": "2_6_14",
    "name": "The Beacon",
    "map_name": "The Beacon",
    "act": 6,
    "has_waypoint": true,
    "is_town_area": false,
    "parent_town_area_id": "2_6_town",
    "connection_ids": [
      "2_6_13",
      "2_6_15"
    ],
    "crafting_recipes": [
      "Life and Mana - Rank 2"
    ]
  },
  "2_9_10_2": {
    "id": "2_9_10_2",
    "name": "The Rotting Core",
    "map_name": null,
    "act": 9,
    "has_waypoint": false,
    "is_town_area": false,
    "parent_town_area_id": "2_9_town",
    "connection_ids": [
      "2_9_10_1",
      "2_10_town"
    ],
    "crafting_recipes": []
  },
  "1_5_6": {
    "id": "1_5_6",
    "name": "The Ossuary",
    "map_name": null,
    "act": 5,
    "has_waypoint": false,
    "is_town_area": false,
    "parent_town_area_id": "1_5_town",
    "connection_ids": [
      "1_5_3b"
    ],
    "crafting_recipes": [
      "Physical Damage - Rank 2"
    ]
  },
  "1_5_8": {
    "id": "1_5_8",
    "name": "The Cathedral Rooftop",
    "map_name": "The Cathedral Rooftop",
    "act": 5,
    "has_waypoint": true,
    "is_town_area": false,
    "parent_town_area_id": "1_5_town",
    "connection_ids": [
      "1_5_3b",
      "2_6_town"
    ],
    "crafting_recipes": []
  },
  "1_5_7": {
    "id": "1_5_7",
    "name": "The Reliquary",
    "map_name": "The Reliquary",
    "act": 5,
    "has_waypoint": true,
    "is_town_area": false,
    "parent_town_area_id": "1_5_town",
    "connection_ids": [
      "1_5_3b"
    ],
    "crafting_recipes": [
      "Accuracy - Rank 1"
    ]
  },
  "2_6_13": {
    "id": "2_6_13",
    "name": "The Cavern of Anger",
    "map_name": null,
    "act": 6,
    "has_waypoint": false,
    "is_town_area": false,
    "parent_town_area_id": "2_6_town",
    "connection_ids": [
      "2_6_12",
      "2_6_14"
    ],
    "crafting_recipes": []
  },
  "2_10_town": {
    "id": "2_10_town",
    "name": "Oriath Docks",
    "map_name": "Oriath Docks",
    "act": 10,
    "has_waypoint": true,
    "is_town_area": true,
    "parent_town_area_id": null,
    "connection_ids": [
      "2_9_10_2",
      "2_10_1",
      "2_10_6",
      "2_11_endgame_town"
    ],
    "crafting_recipes": []
  },
  "2_6_town": {
    "id": "2_6_town",
    "name": "Lioneye's Watch",
    "map_name": "Lioneye's Watch",
    "act": 6,
    "has_waypoint": true,
    "is_town_area": true,
    "parent_town_area_id": null,
    "connection_ids": [
      "2_6_2",
      "2_6_1",
      "1_5_8"
    ],
    "crafting_recipes": []
  },
  "2_6_12": {
    "id": "2_6_12",
    "name": "The Southern Forest",
    "map_name": "The Southern Forest",
    "act": 6,
    "has_waypoint": true,
    "is_town_area": false,
    "parent_town_area_id": "2_6_town",
    "connection_ids": [
      "2_6_10",
      "2_6_13"
    ],
    "crafting_recipes": []
  },
  "2_10_1": {
    "id": "2_10_1",
    "name": "The Cathedral Rooftop",
    "map_name": null,
    "act": 10,
    "has_waypoint": false,
    "is_town_area": false,
    "parent_town_area_id": "2_10_town",
    "connection_ids": [
      "2_10_town",
      "2_10_2"
    ],
    "crafting_recipes": []
  },
  "2_10_6": {
    "id": "2_10_6",
    "name": "The Feeding Trough",
    "map_name": null,
    "act": 10,
    "has_waypoint": false,
    "is_town_area": false,
    "parent_town_area_id": "2_10_town",
    "connection_ids": [
      "2_10_5",
      "2_10_town"
    ],
    "crafting_recipes": [
      "Life and Mana - Rank 3"
    ]
  },
  "2_11_endgame_town": {
    "id": "2_11_endgame_town",
    "name": "Karui Shores",
    "map_name": "Karui Shores",
    "act": 11,
    "has_waypoint": true,
    "is_town_area": true,
    "parent_town_area_id": null,
    "connection_ids": [
      "2_10_town"
    ],
    "crafting_recipes": [
      "Movement Speed and Flask Enchantments - Rank 3"
    ]
  },
  "2_6_2": {
    "id": "2_6_2",
    "name": "The Coast",
    "map_name": "The Coast",
    "act": 6,
    "has_waypoint": true,
    "is_town_area": false,
    "parent_town_area_id": "2_6_town",
    "connection_ids": [
      "2_6_town",
      "2_6_4",
      "2_6_3"
    ],
    "crafting_recipes": []
  },
  "2_6_1": {
    "id": "2_6_1",
    "name": "The Twilight Strand",
    "map_name": null,
    "act": 6,
    "has_waypoint": false,
    "is_town_area": false,
    "parent_town_area_id": "2_6_town",
    "connection_ids": [
      "2_6_town"
    ],
    "crafting_recipes": []
  },
  "2_6_10": {
    "id": "2_6_10",
    "name": "The Riverways",
    "map_name": "The Riverways",
    "act": 6,
    "has_waypoint": true,
    "is_town_area": false,
    "parent_town_area_id": "2_6_town",
    "connection_ids": [
      "2_6_9",
      "2_6_11",
      "2_6_12"
    ],
    "crafting_recipes": []
  },
  "2_10_2": {
    "id": "2_10_2",
    "name": "The Ravaged Square",
    "map_name": "The Ravaged Square",
    "act": 10,
    "has_waypoint": true,
    "is_town_area": false,
    "parent_town_area_id": "2_10_town",
    "connection_ids": [
      "2_10_1",
      "2_10_3",
      "2_10_9",
      "2_10_8",
      "2_10_5",
      "2_10_7"
    ],
    "crafting_recipes": []
  },
  "2_10_5": {
    "id": "2_10_5",
    "name": "The Canals",
    "map_name": null,
    "act": 10,
    "has_waypoint": false,
    "is_town_area": false,
    "parent_town_area_id": "2_10_town",
    "connection_ids": [
      "2_10_2",
      "2_10_6"
    ],
    "crafting_recipes": []
  },
  "2_6_4": {
    "id": "2_6_4",
    "name": "The Mud Flats",
    "map_name": null,
    "act": 6,
    "has_waypoint": false,
    "is_town_area": false,
    "parent_town_area_id": "2_6_town",
    "connection_ids": [
      "2_6_2",
      "2_6_5"
    ],
    "crafting_recipes": []
  },
  "2_6_3": {
    "id": "2_6_3",
    "name": "The Tidal Island",
    "map_name": null,
    "act": 6,
    "has_waypoint": false,
    "is_town_area": false,
    "parent_town_area_id": "2_6_town",
    "connection_ids": [
      "2_6_2"
    ],
    "crafting_recipes": []
  },
  "2_6_9": {
    "id": "2_6_9",
    "name": "The Western Forest",
    "map_name": "The Western Forest",
    "act": 6,
    "has_waypoint": true,
    "is_town_area": false,
    "parent_town_area_id": "2_6_town",
    "connection_ids": [
      "2_6_8",
      "2_6_10"
    ],
    "crafting_recipes": [
      "Attributes - Rank 2"
    ]
  },
  "2_6_11": {
    "id": "2_6_11",
    "name": "The Wetlands",
    "map_name": null,
    "act": 6,
    "has_waypoint": false,
    "is_town_area": false,
    "parent_town_area_id": "2_6_town",
    "connection_ids": [
      "2_6_10"
    ],
    "crafting_recipes": []
  },
  "2_10_3": {
    "id": "2_10_3",
    "name": "The Torched Courts",
    "map_name": null,
    "act": 10,
    "has_waypoint": false,
    "is_town_area": false,
    "parent_town_area_id": "2_10_town",
    "connection_ids": [
      "2_10_2",
      "2_10_4"
    ],
    "crafting_recipes": []
  },
  "2_10_9": {
    "id": "2_10_9",
    "name": "The Ossuary",
    "map_name": null,
    "act": 10,
    "has_waypoint": false,
    "is_town_area": false,
    "parent_town_area_id": "2_10_town",
    "connection_ids": [
      "2_10_2"
    ],
    "crafting_recipes": [
      "Chaos Damage - Rank 2"
    ]
  },
  "2_10_8": {
    "id": "2_10_8",
    "name": "The Reliquary",
    "map_name": "The Reliquary",
    "act": 10,
    "has_waypoint": true,
    "is_town_area": false,
    "parent_town_area_id": "2_10_town",
    "connection_ids": [
      "2_10_2"
    ],
    "crafting_recipes": []
  },
  "2_10_7": {
    "id": "2_10_7",
    "name": "The Control Blocks",
    "map_name": "The Control Blocks",
    "act": 10,
    "has_waypoint": true,
    "is_town_area": false,
    "parent_town_area_id": "2_10_town",
    "connection_ids": [
      "2_10_2"
    ],
    "crafting_recipes": []
  },
  "2_6_5": {
    "id": "2_6_5",
    "name": "The Karui Fortress",
    "map_name": null,
    "act": 6,
    "has_waypoint": false,
    "is_town_area": false,
    "parent_town_area_id": "2_6_town",
    "connection_ids": [
      "2_6_4",
      "2_6_6"
    ],
    "crafting_recipes": [
      "Defences - Rank 2"
    ]
  },
  "2_6_8": {
    "id": "2_6_8",
    "name": "Prisoner's Gate",
    "map_name": "Prisoner's Gate",
    "act": 6,
    "has_waypoint": true,
    "is_town_area": false,
    "parent_town_area_id": "2_6_town",
    "connection_ids": [
      "2_6_7_2",
      "2_6_9"
    ],
    "crafting_recipes": []
  },
  "2_10_4": {
    "id": "2_10_4",
    "name": "The Desecrated Chambers",
    "map_name": "The Desecrated Chambers",
    "act": 10,
    "has_waypoint": true,
    "is_town_area": false,
    "parent_town_area_id": "2_10_town",
    "connection_ids": [
      "2_10_3"
    ],
    "crafting_recipes": [
      "Accuracy - Rank 2"
    ]
  },
  "2_6_6": {
    "id": "2_6_6",
    "name": "The Ridge",
    "map_name": "The Ridge",
    "act": 6,
    "has_waypoint": true,
    "is_town_area": false,
    "parent_town_area_id": "2_6_town",
    "connection_ids": [
      "2_6_5",
      "2_6_7_1"
    ],
    "crafting_recipes": []
  },
  "2_6_7_2": {
    "id": "2_6_7_2",
    "name": "Shavronne's Tower",
    "map_name": null,
    "act": 6,
    "has_waypoint": false,
    "is_town_area": false,
    "parent_town_area_id": "2_6_town",
    "connection_ids": [
      "2_6_7_1",
      "2_6_8"
    ],
    "crafting_recipes": [
      "Spell Damage - Rank 2"
    ]
  },
  "2_6_7_1": {
    "id": "2_6_7_1",
    "name": "The Lower Prison",
    "map_name": "The Prison",
    "act": 6,
    "has_waypoint": true,
    "is_town_area": false,
    "parent_town_area_id": "2_6_town",
    "connection_ids": [
      "2_6_6",
      "2_6_7_2"
    ],
    "crafting_recipes": [
      "Double Resistances - Rank 1"
    ]
  }
}