{
  "Metadata/Items/Gems/SupportGemAddedFireDamagePlus": "Metadata/Items/Gems/SupportGemAddedFireDamage",
  "Metadata/Items/Gems/SupportGemGreaterMultipleProjectilesPlus": "Metadata/Items/Gems/SupportGemGreaterMultipleProjectiles",
  "Metadata/Items/Gems/SupportGemAddedColdDamagePlus": "Metadata/Items/Gems/SupportGemAddedColdDamage",
  "Metadata/Items/Gems/SupportGemIncreasedAreaOfEffectPlus": "Metadata/Items/Gems/SupportGemIncreasedAreaOfEffect",
  "Metadata/Items/Gems/SupportGemAddedLightningDamagePlus": "Metadata/Items/Gems/SupportGemAddedLightningDamage",
  "Metadata/Items/Gems/SupportGemAddedChaosDamagePlus": "Metadata/Items/Gems/SupportGemAddedChaosDamage",
  "Metadata/Items/Gems/SupportGemMeleePhysicalDamagePlus": "Metadata/Items/Gems/SupportGemMeleePhysicalDamage",
  "Metadata/Items/Gems/SupportGemMinionDamagePlus": "Metadata/Items/Gems/SupportGemMinionDamage",
  "Metadata/Items/Gems/SupportGemWeaponElementalDamagePlus": "Metadata/Items/Gems/SupportGemWeaponElementalDamage",
  "Metadata/Items/Gems/SupportGemFirePenetrationPlus": "Metadata/Items/Gems/SupportGemFirePenetration",
  "Metadata/Items/Gems/SupportGemColdPenetrationPlus": "Metadata/Items/Gems/SupportGemColdPenetration",
  "Metadata/Items/Gems/SupportGemLightningPenetrationPlus": "Metadata/Items/Gems/SupportGemLightningPenetration",
  "Metadata/Items/Gems/SupportGemChainPlus": "Metadata/Items/Gems/SupportGemChain",
  "Metadata/Items/Gems/SupportGemForkPlus": "Metadata/Items/Gems/SupportGemFork",
  "Metadata/Items/Gems/SupportGemMultistrikePlus": "Metadata/Items/Gems/SupportGemMultistrike",
  "Metadata/Items/Gems/SupportGemSpellEchoPlus": "Metadata/Items/Gems/SupportGemMulticast",
  "Metadata/Items/Gems/SupportGemMeleeSplashPlus": "Metadata/Items/Gems/SupportGemMeleeSplash",
  "Metadata/Items/Gems/SupportGemBurningDamagePlus": "Metadata/Items/Gems/SupportGemIncreasedBurningDamage",
  "Metadata/Items/Gems/SupportGemCurseOnHitPlus": "Metadata/Items/Gems/SupportGemCurseOnHit",
  "Metadata/Items/Gems/SupportGemCastOnCritPlus": "Metadata/Items/Gems/SupportGemCastOnCrit",
  "Metadata/Items/Gems/SupportGemEmpowerPlus": "Metadata/Items/Gems/SupportGemAdditionalLevel",
  "Metadata/Items/Gems/SupportGemEnhancePlus": "Metadata/Items/Gems/SupportGemAdditionalQuality",
  "Metadata/Items/Gems/SupportGemViciousProjectilesPlus": "Metadata/Items/Gems/SupportGemPhysicalProjectileAttackDamage",
  "Metadata/Items/Gems/SupportGemEnlightenPlus": "Metadata/Items/Gems/SupportGemAdditionalXP",
  "Metadata/Items/Gems/SupportGemGenerosityPlus": "Metadata/Items/Gems/SupportGemGenerosity",
  "Metadata/Items/Gems/SupportGemBlasphemyPlus": "Metadata/Items/Gems/SupportGemBlasphemy",
  "Metadata/Items/Gems/SupportGemVoidManipulationPlus": "Metadata/Items/Gems/SupportGemVoidManipulation",
  "Metadata/Items/Gems/SupportGemControlledDestructionPlus": "Metadata/Items/Gems/SupportGemControlledDestruction",
  "Metadata/Items/Gems/SupportGemSwiftAfflictionPlus": "Metadata/Items/Gems/SupportGemRapidDecay",
  "Metadata/Items/Gems/SupportGemElementalFocusPlus": "Metadata/Items/Gems/SupportGemElementalFocus",
  "Metadata/Items/Gems/SupportGemCastWhileChannellingPlus": "Metadata/Items/Gems/SupportGemCastWhileChannelling",
  "Metadata/Items/Gems/SupportGemDeadlyAilmentsPlus": "Metadata/Items/Gems/SupportGemDeadlyAilments",
  "Metadata/Items/Gems/SupportGemUnboundAilmentsPlus": "Metadata/Items/Gems/SupportGemUnboundAilments",
  "Metadata/Items/Gems/SupportGemBrutalityPlus": "Metadata/Items/Gems/SupportGemBrutality",
  "Metadata/Items/Gems/SupportGemSpellCascadePlus": "Metadata/Items/Gems/SupportGemSpellCascade",
  "Metadata/Items/Gems/SupportGemAncestralCallPlus": "Metadata/Items/Gems/SupportGemSpiritStrike",
  "Metadata/Items/Gems/SupportGemUnleashPlus": "Metadata/Items/Gems/SupportGemHandcastAnticipation",
  "Metadata/Items/Gems/SupportGemArrowNovaPlus": "Metadata/Items/Gems/SupportGemArrowNova"
}