{
  "Metadata/Items/Gems/SkillGemVaalFireball": "Metadata/Items/Gems/SkillGemFireball",
  "Metadata/Items/Gems/SkillGemVaalIceNova": "Metadata/Items/Gems/SkillGemIceNova",
  "Metadata/Items/Gems/SkillGemVaalChargedAttack": "Metadata/Items/Gems/SkillGemChargedAttack",
  "Metadata/Items/Gems/SkillGemVaalGroundSlam": "Metadata/Items/Gems/SkillGemGroundSlam",
  "Metadata/Items/Gems/SkillGemVaalCleave": "Metadata/Items/Gems/SkillGemCleave",
  "Metadata/Items/Gems/SkillGemVaalDoubleStrike": "Metadata/Items/Gems/SkillGemDoubleStrike",
  "Metadata/Items/Gems/SkillGemVaalDetonateDead": "Metadata/Items/Gems/SkillGemDetonateDead",
  "Metadata/Items/Gems/SkillGemVaalSplitArrow": "Metadata/Items/Gems/SkillGemSplitArrow",
  "Metadata/Items/Gems/SkillGemVaalColdSnap": "Metadata/Items/Gems/SkillGemColdSnap",
  "Metadata/Items/Gems/SkillGemVaalCausticArrow": "Metadata/Items/Gems/SkillGemPoisonArrow",
  "Metadata/Items/Gems/SkillGemVaalRighteousFire": "Metadata/Items/Gems/SkillGemRighteousFire",
  "Metadata/Items/Gems/SkillGemVaalFlickerStrike": "Metadata/Items/Gems/SkillGemFlickerStrike",
  "Metadata/Items/Gems/SkillGemVaalSpark": "Metadata/Items/Gems/SkillGemSpark",
  "Metadata/Items/Gems/SkillGemVaalGlacialHammer": "Metadata/Items/Gems/SkillGemGlacialHammer",
  "Metadata/Items/Gems/SkillGemVaalSummonSkeletons": "Metadata/Items/Gems/SkillGemSummonSkeletons",
  "Metadata/Items/Gems/SkillGemVaalDomination": "Metadata/Items/Gems/SkillGemDominatingBlow",
  "Metadata/Items/Gems/SkillGemVaalRainOfArrows": "Metadata/Items/Gems/SkillGemRainOfArrows",
  "Metadata/Items/Gems/SkillGemVaalFirestorm": "Metadata/Items/Gems/SkillGemFirestorm",
  "Metadata/Items/Gems/SkillGemVaalLightningStrike": "Metadata/Items/Gems/SkillGemLightningStrike",
  "Metadata/Items/Gems/SkillGemVaalMoltenShell": "Metadata/Items/Gems/SkillGemMoltenShell",
  "Metadata/Items/Gems/SkillGemVaalPowerSiphon": "Metadata/Items/Gems/SkillGemPowerSiphon",
  "Metadata/Items/Gems/SkillGemVaalLightningArrow": "Metadata/Items/Gems/SkillGemLightningArrow",
  "Metadata/Items/Gems/SkillGemVaalHaste": "Metadata/Items/Gems/SkillGemHaste",
  "Metadata/Items/Gems/SkillGemVaalDiscipline": "Metadata/Items/Gems/SkillGemDiscipline",
  "Metadata/Items/Gems/SkillGemVaalGrace": "Metadata/Items/Gems/SkillGemGrace",
  "Metadata/Items/Gems/SkillGemVaalBurningArrow": "Metadata/Items/Gems/SkillGemBurningArrow",
  "Metadata/Items/Gems/SkillGemVaalClarity": "Metadata/Items/Gems/SkillGemClarity",
  "Metadata/Items/Gems/SkillGemVaalRejuvenationTotem": "Metadata/Items/Gems/SkillGemRejuvenationTotem",
  "Metadata/Items/Gems/SkillGemVaalIceShot": "Metadata/Items/Gems/SkillGemIceShot",
  "Metadata/Items/Gems/SkillGemVaalArc": "Metadata/Items/Gems/SkillGemArc",
  "Metadata/Items/Gems/SkillGemVaalArcticArmour": "Metadata/Items/Gems/SkillGemArcticArmour",
  "Metadata/Items/Gems/SkillGemVaalCyclone": "Metadata/Items/Gems/SkillGemCyclone",
  "Metadata/Items/Gems/SkillGemVaalReave": "Metadata/Items/Gems/SkillGemReave",
  "Metadata/Items/Gems/SkillGemVaalLightningTrap": "Metadata/Items/Gems/SkillGemLightningTrap",
  "Metadata/Items/Gems/SkillGemVaalThrownWeapon": "Metadata/Items/Gems/SkillGemThrownWeapon",
  "Metadata/Items/Gems/SkillGemVaalAnimateWeapon": "Metadata/Items/Gems/SkillGemAnimateWeapon",
  "Metadata/Items/Gems/SkillGemVaalFireResistAura": "Metadata/Items/Gems/SkillGemFireResistAura",
  "Metadata/Items/Gems/SkillGemVaalColdResistAura": "Metadata/Items/Gems/SkillGemColdResistAura",
  "Metadata/Items/Gems/SkillGemVaalLightningResistAura": "Metadata/Items/Gems/SkillGemLightningResistAura",
  "Metadata/Items/Gems/SkillGemVaalStormCall": "Metadata/Items/Gems/SkillGemStormCall",
  "Metadata/Items/Gems/SkillGemVaalFlameblast": "Metadata/Items/Gems/SkillGemFlameblast",
  "Metadata/Items/Gems/SkillGemVaalMoltenStrike": "Metadata/Items/Gems/SkillGemMoltenStrike",
  "Metadata/Items/Gems/SkillGemVaalBladeVortex": "Metadata/Items/Gems/SkillGemBladeVortex",
  "Metadata/Items/Gems/SkillGemVaalEarthquake": "Metadata/Items/Gems/SkillGemEarthquake",
  "Metadata/Items/Gems/SkillGemVaalBlight": "Metadata/Items/Gems/SkillGemBlight",
  "Metadata/Items/Gems/SkillGemVaalSmite": "Metadata/Items/Gems/SkillGemSmite",
  "Metadata/Items/Gems/SkillGemVaalVenomGyre": "Metadata/Items/Gems/SkillGemVenomGyre",
  "Metadata/Items/Gems/SkillGemVaalReap": "Metadata/Items/Gems/SkillGemBloodreap",
  "Metadata/Items/Gems/SkillGemVaalAbsolution": "Metadata/Items/Gems/SkillGemAbsolution",
  "Metadata/Items/Gems/SkillGemVaalVolcanicFissure": "Metadata/Items/Gems/SkillGemVolcanicFissure"
}